{
  "camera_matrix": [
    [
      2903.69629164,
      0.0,
      512.0
    ],
    [
      0.0,
      2903.69629164,
      512.0
    ],
    [
      0.0,
      0.0,
      1.0
    ]
  ],
  "dist_coefs": [
    [
      0.0,
      0.0,
      0.0,
      0.0,
      0.0
    ]
  ],
  "resolution": [
    1024,
    1024
  ],
  "camera_model": "Brown",
  "k1": 0.0,
  "k2": 0.0,
  "k3": 0.0,
  "p1": 0.0,
  "p2": 0.0,
  "fx": 2903.69629164,
  "fy": 2903.69629164,
  "up": 512.0,
  "vp": 512.0,
  "skew": 0.0,
  "RMS_reproj_err_pix": 0.01
}